User name,Password,Access key ID,Secret access key,Console login link
cmiddela,tRdTXUR'c(m6,,,https://124864831979.signin.aws.amazon.com/console
dimehta,BB-49t7dUsj),,,https://124864831979.signin.aws.amazon.com/console
hmeghani,IK@D=b@H6A6#,,,https://124864831979.signin.aws.amazon.com/console
vimsawan,-li69lyG0}A0,,,https://124864831979.signin.aws.amazon.com/console
rvishnoi,4KqC7SF|Zq=],,,https://124864831979.signin.aws.amazon.com/console
nitrawat,o5OP|]vrYJ7c,,,https://124864831979.signin.aws.amazon.com/console
