User name,Password,Access key ID,Secret access key,Console login link
kmuthuve,6P@K[s!=q{e#,,,https://124864831979.signin.aws.amazon.com/console
samhia,Wo9vKi+C&Pcf,,,https://124864831979.signin.aws.amazon.com/console
ppallama,PQgMNUW4pM@t,,,https://124864831979.signin.aws.amazon.com/console
hemalkum,4@wRIL7&_hZ^,,,https://124864831979.signin.aws.amazon.com/console
bgorla,dH[q=5A_R@vF,,,https://124864831979.signin.aws.amazon.com/console
ulchatur,]AxCLSu78JuO,,,https://124864831979.signin.aws.amazon.com/console
